Name,Organism,Type,Inducer_Tissue_Trigger,Expression_Score,Usable_In,Sequence
CMV+Enhancer,Cytomegalovirus,Constitutive,,95,Broad mammalian,CGTTACATAACTTACGGTAAATGGCCCGCCTGGCTGACCGCCCAACGACCCCCGCCCATTGACGTCAATAATGACGTATGTTCCCATAGTAACGCCAATAGGGACTTTCCATTGACGTCAATGGGTGGAGTATTTACGGTAAACTGCCCACTTGGCAGTACATCAAGTGTATCATATGCCAAGTACGCCCCCTATTGACGTCAATGACGGTAAATGGCCCGCCTGGCATTATGCCCAGTACATGACCTTATGGGACTTTCCTACTTGGCAGTACATCTACGTATTAGTCATCGCTATTACCATGGTGATGCGGTTTTGGCAGTACATCAATGGGCGTGGATAGCGGTTTGACTCACGGGGATTTCCAAGTCTCCACCCCATTGACGTCAATGGGAGTTTGTTTTGGCACCAAAATCAACGGGACTTTCCAAAATGTCGTAACAACTCCGCCCCATTGACGCAAATGGGCGGTAGGCGTGTACGGTGGGAGGTCTATATAAGCAGAGCT
EF1a,Human,Constitutive,,88,Broad mammalian,GGCTCCGGTGCCCGTCAGTGGGCAGAGCGCACATCGCCCACAGTCCCCGAGAAGTTGGGGGGAGGGGTCGGCAATTGAACCGGTGCCTAGAGAAGGTGGCGCGGGGTAAACTGGGAAAGTGATGTCGTGTACTGGCTCCGCCTTTTTCCCGAGGGTGGGGGAGAACCGTATATAAGTGCAGTAGTCGCCGTGAACGTTCTTTTTCGCAACGGGTTTGCCGCCAGAACACAGGTAAGTGCCGTGTGTGGTTCCCGCGGGCCTGGCCTCTTTACGGGTTATGGCCCTTGCGTGCCTTGAATTACTTCCACCTGGCTGCAGTACGTGATTCTTGATCCCGAGCTTCGGGTTGGAAGTGGGTGGGAGAGTTCGAGGCCTTGCGCTTAAGGAGCCCCTTCGCCTCGTGCTTGAGTTGAGGCCTGGCCTGGGCGCTGGGGCCGCCGCGTGCGAATCTGGTGGCACCTTCGCGCCTGTCTCGCTGCTTTCGATAAGTCTCTAGCCATTTAAAATTTTTGATGACCTGCTGCGACGCTTTTTTTCTGGCAAGATAGTCTTGTAAATGCGGGCCAAGATCTGCACACTGGTATTTCGGTTTTTGGGGCCGCGGGCGGCGACGGGGCCCGTGCGTCCCAGCGCACATGTTCGGCGAGGCGGGGCCTGCGAGCGCGGCCACCGAGAATCGGACGGGGGTAGTCTCAAGCTGGCCGGCCTGCTCTGGTGCCTGGCCTCGCGCCGCCGTGTATCGCCCCGCCCTGGGCGGCAAGGCTGGCCCGGTCGGCACCAGTTGCGTGAGCGGAAAGATGGCCGCTTCCCGGCCCTGCTGCAGGGAGCTCAAAATGGAGGACGCGGCGCTCGGGAGAGCGGGCGGGTGAGTCACCCACACAAAGGAAAAGGGCCTTTCCGTCCTCAGCCGTCGCTTCATGTGACTCCACGGAGTACCGGGCGCCGTCCAGGCACCTCGATTAGTTCTCGAGCTTTTGGAGTACGTCGTCTTTAGGTTGGGGGGAGGGGTTTTATGCGATGGAGTTTCCCCACACTGAGTGGGTGGAGACTGAAGTTAGGCCAGCTTGGCACTTGATGTAATTCTCCTTGGAATTTGCCCTTTTTGAGTTTGGATCTTGGTTCATTCTCAAGCCTCAGACAGTGGTTCAAAGTTTTTTTCTTCCATTTCAGGTGTCGTGACTATAGGGCGGCCGG
CAG,Synthetic,Constitutive,,92,Broad mammalian / vertebrates,GCGTTACATAACTTACGGTAAATGGCCCGCCTGGCTGACCGCCCAACGACCCCCGCCCATTGACGTCAATAATGACGTATGTTCCCATAGTAACGCCAATAGGGACTTTCCATTGACGTCAATGGGTGGAGTATTTACGGTAAACTGCCCACTTGGCAGTACATCAAGTGTATCATATGCCAAGTACGCCCCCTATTGACGTCAATGACGGTAAATGGCCCGCCTGGCATTATGCCCAGTACATGACCTTATGGGACTTTCCTACTTGGCAGTACATCTACGTATTAGTCATCGCTATTACCATGGTCGAGGTGAGCCCCACGTTCTGCTTCACTCTCCCCATCTCCCCCCCCTCCCCACCCCCAATTTTGTATTTATTTATTTTTTAATTATTTTGTGCAGCGATGGGGGCGGGGGGGGGGGGGGGGCGCGCGCCAGGCGGGGCGGGGCGGGGCGAGGGGCGGGGCGGGGCGAGGCGGAGAGGTGCGGCGGCAGCCAATCAGAGCGGCGCGCTCCGAAAGTTTCCTTTTATGGCGAGGCGGCGGCGGCGGCGGCCCTATAAAAAGCGAAGCGCGCGGCGGGCG
PGK,Human,Constitutive,,55,Broad mammalian,GGGTAGGGGAGGCGCTTTTCCCAAGGCAGTCTGGAGCATGCGCTTTAGCAGCCCCGCTGGGCACTTGGCGCTACACAAGTGGCCTCTGGCCTCGCACACATTCCACATCCACCGGTAGGCGCCAACCGGCTCCGTTCTTTGGTGGCCCCTTCGCGCCACCTTCTACTCCTCCCCTAGTCAGGAAGTTCCCCCCCGCCCCGCAGCTCGCGTCGTGCAGGACGTGACAAATGGAAGTAGCACGTCTCACTAGTCTCGTGCAGATGGACAGCACCGCTGAGCAATGGAAGCGGGTAGGCCTTTGGGGCAGCGGCCAATAGCAGCTTTGCTCCTTCGCTTTCTGGGCTCAGAGGCTGGGAAGGGGTGGGTCCGGGGGCGGGCTCAGGGGCGGGCTCAGGGGCGGGGCGGGCGCCCGAAGGTCCTCCGGAGGCCCGGCATTCTGCACGCTTCAAAAGCGCACGTCTGCCGCGCTGTTCTCCTCTTCCTCATCTCCGGGCCTTTCG
SV40,Simian virus 40,Constitutive,,30,Primate / human cell lines,GGTGTGGAAAGTCCCCAGGCTCCCCAGCAGGCAGAAGTATGCAAAGCATGCATCTCAATTAGTCAGCAACCAGGTGTGGAAAGTCCCCAGGCTCCCCAGCAGGCAGAAGTATGCAAAGCATGCATCTCAATTAGTCAGCAACCATAGTCCCGCCCCTAACTCCGCCCATCCCGCCCCTAACTCCGCCCAGTTCCGCCCATTCTCCGCCCCATGGCTGACTAATTTTTTTTATTTATGCAGAGGCCGAGGCCGCCTCGGCCTCTGAGCTATTCCAGAAGTAGTGAGGAGGCTTTTTTGGAGGCCTAGGCTTTTGCAAA
UBC,Human,Constitutive,,58,Broad mammalian,ggcctccgcgccgggttttggcgcctcccgcgggcgcccccctcctcacggcgagcgctgccacgtcagacgaagggcgcagcgagcgtcctgatccttccgcccggacgctcaggacagcggcccgctgctcataagactcggccttagaaccccagtatcagcagaaggacattttaggacgggacttgggtgactctagggcactggttttctttccagagagcggaacaggcgaggaaaagtagtcccttctcggcgattctgcggagggatctccgtggggcggtgaacgccgatgattatataaggacgcgccgggtgtggcacagctagttccgtcgcagccgggatttgggtcgcggttcttgtttgtggatcgctgtgatcgtcacttggtgagtagcgggctgctgggctggccggggctttcgtggccgccgggccgctcggtgggacggaagcgtgtggagagaccgccaagggctgtagtctgggtccgcgagcaaggttgccctgaactgggggttggggggagcgcagcaaaatggcggctgttcccgagtcttgaatggaagacgcttgtgaggcgggctgtgaggtcgttgaaacaaggtggggggcatggtgggcggcaagaacccaaggtcttgaggccttcgctaatgcgggaaagctcttattcgggtgagatgggctggggcaccatctggggaccctgacgtgaagtttgtcactgactggagaactcggtttgtcgtctgttgcgggggcggcagttatggcggtgccgttgggcagtgcacccgtacctttgggagcgcgcgccctcgtcgtgtcgtgacgtcacccgttctgttggcttataatgcagggtggggccacctgccggtaggtgtgcggtaggcttttctccgtcgcaggacgcagggttcgggcctagggtaggctctcctgaatcgacaggcgccggacctctggtgaggggagggataagtgaggcgtcagtttctttggtcggttttatgtacctatcttcttaagtagctgaagctccggttttgaactatgcgctcggggttggcgagtgtgttttgtgaagttttttaggcaccttttgaaatgtaatcatttgggtcaatatgtaattttcagtgttagactagtaaattgtccgctaaattctggccgtttttggcttttttgttagac
MSCV,Murine,Constitutive,,52,Hematopoietic + Purkinje cells (mouse / human),TGAAAGACCCCACCTGTAGGTTTGGCAAGCTAGCTTAAGTAACGCCATTTTGCAAGGCATGGAAAATACATAACTGAGAATAGAGAAGTTCAGATCAAGGTTAGGAACAGAGAGACAGCAGAATATGGGCCAAACAGGATATCTGTGGTAAGCAGTTCCTGCCCCGGCTCAGGGCCAAGAACAGATGGTCCCCAGATGCGGTCCCGCCCTCAGCAGTTTCTAGAGAACCATCAGATGTTTCCAGGGTGCCCCAAGGACCTGAAATGACCCTGTGCCTTATTTGAACTAACCAATCAGTTCGCTTCTCGCTTCTGTTCGCGCGCTTCTGCTCCCCGAGCTCAATAAAAGAGCCCACAACCCCTCACTCGGCGCGCCAGTCCTCCGATAGACTGCGTCGCCCGGGTACCCGTATTCCCAATAAAGCCTCTTGCTGTTTGCATCCGAATCGTGGACTCGCTGATCCTTGGGAGGGTCTCCTCAGATTGATTGACTGCCCACCTCGGGGGTCTTTCATTTGGAGGTTCCACCGAGATTTGGAGACCCCTGCCCAGGGACCACCGACCCCCCCGCCGGGAGGTAAGCTGGCCAGCGGTCGTTTCGTGTCTGTCTCTGTCTTTGTGCGTGTTTGTGCCGGCATCTAATGTTTGCGCCTGCGTCTGTACTAGTTAGCTAACTAGCTCTGTATCTGGCGGACCCGTGGTGGAACTGACGAGTTCTGAACACCCGGCCGCAACCCTGGGAGACGTCCCAGGGACTTTGGGGGCCGTTTTTGTGGCCCGACCTGAGGAAGGGAGTCGATGTGGAATCCGACCCCGTCAGGATATGTGGTTCTGGTAGGAGACGAGAACCTAAAACAGTTCCCGCCTCCGTCTGAATTTTTGCTTTCGGTTTGGAACCGAAGCCGCGCGTCTTGTCTGCTGCAGCGCTGCAGCATCGTTCTGTGTTGTCTCTGTCTGACTGTGTTTCTGTATTTGTCTGAAAATTAGGGCCAGACTGTTACCACTCCCTTAAGTTTGACCTTAGGTCACTGGAAAGATGTCGAGCGGATCGCTCACAACCAGTCGGTAGATGTCAAGAAGAGACGTTGGGTTACCTTCTGCTCTGCAGAATGGCCAACCTTTAACGTCGGATGGCCGCGAGACGGCACCTTTAACCGAGACCTCATCACCCAGGTTAAGATCAAGGTCTTTTCACCTGGCCCGCATGGACACCCAGACCAGGTCCCCTACATCGTGACCTGGGAAGCCTTGGCTTTTGACCCCCCTCCCTGGGTCAAGCCCTTTGTACACCCTAAGCCTCCGCCTCCTCTTCCTCCATCCGCCCCGTCTCTCCCCCTTGAACCTCCTCGTTCGACCCCGCCTCGATCCTCCCTTTATCCAGCCCTCACTCCTTCTCTAGGCGCCGGAATT
HSP70,Broad eukaryotes,Inducible,Heat shock (42C) / heavy metals / oxidative stress,85,Broad mammalian / yeast / (Drosophila specifically),ctagaatcccaaaacaaactggttattgtggtaggtcatttgtttggcagaaagaaaactcgagaaatttctctggccgttattcgttattctctcttttctttttgggtctctccctctctgcactaatgctctctcactctgtcacacagtaaacggcatactgctctcgttggttcgagagagcgcgcctcgaatgttcgcgaaaagagcgccggagtataaatagaggcgcttcgtctacggagcgacaattcaattcaaacaagcaaagtgaacacgtcgctaagcgaaagctaagcaaataaacaagcgcagctgaacaagctaaacaatctgcagtaaagtgcaagttaaagtgaatcaattaaaagtaaccagcaaccaagtaaatcaactgcaactactgaaatctgccaagaagtaattattgaatacaagaagagaactctg
"hSyn1 (weak version, no intron)",Human / mouse / rat,Tissue-specific,Neurons (pan-neuronal) EXCLUSIVE,55,Mammalian CNS (AAV),agtgcaagtgggttttaggaccaggatgaggcggggtgggggtgcctacctgacgaccgaccccgacccactggacaagcacccaacccccattccccaaattgcgcatcccctatcagagagggggaggggaaacaggatgcggcgaggcgcgtgcgcactgccagcttcagcaccgcggacagtgccttcgcccccgcctggcggcgcgcgccaccgccgcctcagcactgaaggcgcgctgacgtcactcgccggtcccccgcaaactccccttcccggccaccttggtcgcgtccgcgccgccgccggcccagccggaccgcaccacgcgaggcgcgagataggggggcacgggcgcgaccatctgcgctgcggcgccggcgactcagcgctgcctcagtctgcggtgggcagcggaggagtcgtgtcgtgcctgagagcgcag
GFAP,Human / mouse,Tissue-specific,Astrocytes,50,Mammalian CNS (AAV),ggccgcacgcgtgatctaacatatcctggtgtggagtaggggacgctgctctgacagaggctcgggggcctgagctggctctgtgagctggggaggaggcagacagccaggccttgtctgcaagcagacctggcagcattgggctggccgccccccagggcctcctcttcatgcccagtgaatgactcaccttggcacagacacaatgttcggggtgggcacagtgcctgcttcccgccgcaccccagcccccctcaaatgccttccgagaagcccattgagcagggggcttgcattgcaccccagcctgacagcctggcatcttgggataaaagcagcacagccccctaggggctgcccttgctgtgtggcgccaccggcggtggagaacaaggctctattcagcctgtgcccaggaaaggggatcaggggatgcccaggcatggacagtgggtggcagggggggagaggagggctgtctgcttcccagaagtccaaggacacaaatgggtgaggggagagctctccccatagctgggctgcggcccaaccccaccccctcaggctatgccagggggtgttgccaggggcacccgggcatcgccagtctagcccactccttcataaagccctcgcatcccaggagcgagcagagccagagcaggttggagaggagacgcatcacctccgctgctcgcggggtctagagtcgac
TBG,Human / mouse,Tissue-specific,Hepatocytes,88,Mammalian liver (AAV),tgcatgtataatttctacagaacctattagaaaggatcacccagcctctgcttttgtacaactttcccttaaaaaactgccaattccactgctgtttggcccaatagtgagaactttttcctgctgcctcttggtgcttttgcctatggcccctattctgcctgctgaagacactcttgccagcatggacttaaacccctccagctctgacaatcctctttctcttttgttttacatgaagggtctggcagccaaagcaatcactcaaagttcaaaccttatcattttttgctttgttcctcttggccttggttttgtacatcagctttgaaaataccatcccagggttaatgctggggttaatttataactaagagtgctctagttttgcaatacaggacatgctataa
MHCK7,Human / mouse,Tissue-specific,Cardiac and skeletal muscle,85,Mammalian muscle (AAV),ggtttaacataacaaattggctgtggtatataaaattattcataatgatagtaggaggcttggtaggtttaagaatagtttttgctgtactttctatagtgaatagagttaggcagggatattcaccattatcgtttcagacccacctcccaaccccgaggggacccgacaggcccgaaggaatagaagaagaaggtggagagagagacagagacagatccattcgattagtgaacggatctcgacggtatcggttaacttttaaaagaaaaggggggattggggggtacagtgcaggggaaagaatagtagacataatagcaacagacatacaaactaaagaattacaaaaacaaattacaaaattcaaaattctcgacattgattattgactagagcttgcatgtctaagctagacccttcagattaaaaataactgaggtaagggcctgggtaggggaggtggtgtgagacgctcctgtctctcctctatctgcccatcggccctttggggaggaggaatgtgcccaaggactaaaaaaaggccatggagccagaggggcgagggcaacagacctttcatgggcaaaccttggggccctgctgtctagcatgccccactacgggtctaggctgcccatgtaaggaggcaaggcctggggacacccgagatgcctggttataattaacccagacatgtggctgccccccccccccaacacctgctgcctctaaaaataaccctgtccctggtggatcccctgcatgcgaagatcttcgaacaaggctgtgggggactgagggcaggctgtaacaggcttgggggccagggcttatacgtgcctgggactcccaaagtattactgttccatgttcccggcgaagggccagctgtcccccgccagctagactcagcacttagtttaggaaccagtgagcaagtcagcccttggggcagcccatacaaggccatggggctgggcaagctgcacgcctgggtccggggtgggcacggtgcccgggcaacgagctgaaagctcatctgctctcaggggcccctccctggggacagcccctcctggctagtcacaccctgtaggctcctctatataacccaggggcacaggggctgccctcattctaccaccacctccacagcacagacagacactcaggagccagccagcctcgaccggtcgatctc
cTNT (no intron),Human / mouse,Tissue-specific,Cardiac muscle,52,Mammalian heart (AAV),gggataaaagcagtctgggctttcacatgacagcatctggggctgcggcagagggtcgggtccgaagcgctgccttatcagcgtccccagccctgggaggtgacagctggctggcttgtgtcagcccctcgggcactcacgtatctccgtccgacgggtttaaaatagcaaaactctgaggccacacaatagcttgggcttatatgggctcctgtgggggaagggggagcacggagggggccggggccgctgctgccaaaatagcagctcacaagtgttgcattcctctctgggcgccgggcacattcctgctggctctgcccgccccggggtgggcgccggggggaccttaaagcctctgccccccaaggagcccttcccagacagccgccggcacccaccgctccgtggga
RPE65,Human / mouse,Tissue-specific,Retinal pigment epithelium,50,Mammalian eye (AAV),cttatttgaaatattttggaaacaggtcttttaatgtggaaagatagatattaatctcctcttctattactctccaagatccaacaaaagtgattataccccccaaaatatgatggtagtatcttatactaccatcattttataggcatagggctcttagctgcaaataatggaactaactctaataaagcagaacgcaaatattgtaaatattagagagctaacaatctctgggatggctaaaggatggagcttggaggctacccagccagtaacaatattccgggctccactgttgaatggagacactacaactgccttggatgggcagagatattatggatgctaagccccaggtgctaccattaggacttctaccactgtcctaacgggtggagcccatcacatgcctatgccctcactgtaaggaaatgaagctactgttgtatatcttgggaagcacttggattaattgttatacagttttgttgaagaagacccctagggtaagtagccataactgcacactaaatttaaaattgttaatgagtttctcaaaaaaaatgttaaggttgttagctggtatagtatatatcttgcctgttttccaaggacttctttgggcagtaccttgtctgtgctggcaagcaactgagacttaatgaaagagtattggagatatgaatgaattgatgctgtatactctcagagtgccaaacatataccaatggacaagaaggtgaggcagagagcagacaggcattagtgacaagcaaagatatgcagaatttcattctcagcaaatcaaaagtcctcaacctggttggaagaatattggcactgaatggtatcaataaggttgctagagagggttagaggtgcacaatgtgcttccataacattttatacttctccaatcttagcactaatcaaacatggttgaatactttgtttactataactcttacagagttataagatctgtgaagacagggacagggacaatacccatctctgtctggttcataggtggtatgtaatagatatttttaaaaataagtgagttaatgaatgagggtgagaatgaaggcacagaggtattagggggaggtgggccccagagaatggtgccaaggtccagtggggtgactgggatcagctcaggcctgacgctggccactcccacctagctcctttctttctaatctgttctcattctccttgggaaggattgaggtctctggaaaacagccaaacaactgttatgggaacagcaagcccaaataaagccaagcatcagggggatctgagagctgaaagcaacttctgttccccctccctcagctgaaggggtggggaagggctcccaaagccataactccttttaagggatttagaaggcataaaaaggcccctggctgagaacttccttcttcattctgcagttggtgccagaactctggatcctgaactggaagaa
SCP1 (minimal),Synthetic,Constitutive,,10,Broad mammalian (synthetic circuits),gcggccgcctcgagccattgacgtcaataatgacgtatgttcccatagtaacgccaatagggactttccattgacgtcaatgggtggagtatttacggtaaactgcccacttggcagtacatcaagtgtatcatatgccaagtacgccccctattgacgtcaatgacggtaaatggcccgcctggcattatgcccagtacatgaccttatgggactttcctacttggcagtacatctacgtattagtcatcgctattaccatggtacttatataagggggtgggggcgcgttcgtcctcagtcgcgatcgaacactcgagccgagcagacgtgcctacggaccgaccggt
SP-C,Human / mouse,Tissue-specific,Lung type II pneumocytes,50,Mammalian lung (AAV),tctaccacgttagctcccctgtggcggaggatgactgtcctaagagctcataggcacggggcaaggggagcctggctgtcagctgcctgggcttctagtcttgtgctttttgcacaccagtccagggaacgaagaccactggctttaagatgcttccccagctgtccccagactctgccagcaggggattctctggtctgagcttaagttgtgttctcccagccagggatgcccctgccctttgatgtctccttgctgccacacatttagccgccctccccatgccagcttggggggagggaagcagtgggggtagggaggtggctggggcagctgggcaactgtccccacccgtccctggcacggctctgcccagtacacaaagagcaaagtgaatcttgtccccacccctgcagctgaggggctggaggaggaaacggggaggcccacacagaaggggtggccaccgtggggctgtccatcactcagggctctcagagggagtcaacccagaaacagacaaagagggtgagtctgggctgtgttcttagctagtgagaggtcccctagaggatgaagtagatgatgctaatgaggatgactggatgtcacacccatgatgctattaggtcctcataatagcatagtgaggtggacagctagtacctgacccatctcacagatgaacatactaatgcctaacaaagcagaacgactcacgctgggtcccagagctggccagtggaagcactgagacctccacatactgaaggcatggactattgaccgctgttggtattggtctcatcattgactatcattaagtgttggctgtttgcatgcttcctgcccagtggcaggttcaaagaagcccgcaggaagcgtgctcctttctttcccagggcccgcaattgggctggaagatagagcaacaaaaagcgcccatgtaactcatgggaacattcatgtgtgctgaatggcaggtgaaggtgccacagagaggctgaggatttcagagggcaccatgaactggagtgaggtcgcagagcaggtgccattggctcttggcctgtttgggtgggtggcattcagagaggtggaaggtcagatgcactgttcacgcctgtaatctcagcactttggaaggccaaggtaggaggatcacacgaggccaggagatcaacgctgcagtgagctatgaagctgtgattgcaccactgcactgcagcttgggtaacagagtgagaccctgtctctaaataattaaataaataaaataaaaataaaaccggagaagtggagagggattggaggtgggctttcacagagggagaaacggcttaagtacaggccaaaaagtgagaaggctgcagacagggctggtagggggagggggaaatttggcacacccagctaaaggtccttctgtgtctccttctccaaggaacccaagaccttcacttggttggtgtgagcactccaggaggcaggcaccctccctcagccctcaagcaagcaaaaatgggtttaaaaaaagaaggagaagaagcagcagcagcagccgccacagagcttgtgacagctacagcctaagggcaacaggcaggggagaccaaggaccagaaagagcagaggctttttcaaagaaagagatccctctcccagcacccagcgatggcggcaaaccccacccacagtgcctgctaagaacaagtcccacgtgagaacaacatggccccccgagatgcccacagggaccccgagatgcctgcagtgcttggctctcccgctggccagctgcccacctggctcaggcccagtactcgtgagtcagccgatcaatcccaatgttgccaggatgatgggggcgggagtaagggccctgggggagggcaggggtgggcactgcaggcgagctgtctcccacatctggcacctgcacacagctgaggccgagctgagaggatgcttctgtgggctccccctcctcccggcacccctcccctcctttcactgtcctaggacactctctggctgctggagtcttaggcaaatatttaaaggggcagcaagggggtgaggagggtggtgggagcaaacacttccctccctttcttcctccctgcgcttctcaggggctctcagttcagatgccatgctgttatgcaaccttggggctgaaggccctccagatggagagggggacaggggaacctgccagctcatgaccgaagggcagggcccaggtgggagggggctggggcaggggacaggaactggggtggcatgttaaaggacaggaggctggttgggcatggtggctcacacctgtaatcctagcactttaggaggccgagatcacttgagcccaggagttcaagaccagcctgggcaacatggtgaaaactcatctctataaaacaagcaaaaattagctgggcacaatggcatgcactggtagtcccagctacttgggatgctgaggtgtgaggatcaccggagtccaggaggtcaacgctgcagtgagcagtgatctcgctactgcatgccagcctgggtgataaagtgagaccctgtctcacaacaaaacaaaacaaaacaaaacaaaaggataggaggttaagggagcgagcccaggcctggactctgccacagtcacctgagtttagaggtgaagggactttagagaccacctggcccaaggagtgaaagggaacctgagagaaagggtgagccagcccaaagtcattggcagatttgacctcgtaaatacatagagatggctttgggaaggcactaggaaagacagagaaaagagaaggagacagtcctcaaagctgatcgtatttgggtgagtattattctcagggcaaatttaggatcagaggatgcagaaaggggagtctagaggggtagagtgtagaccacagggtgagtgagctgattcgaggatggggagactgggagcccaccagtgaccagagccagccctgttcagggctgtccgggcagaagaaagcagtgtcagacctggaatctgccatcagcacagcctgcaattgacagacaagcccagagcaaagaaggaagcactgcacatgagtaagagcttgccaccagtggggacagagtttccagaattaggaaaataatcactgggggcaagtttgaggttggtaccagatatgtgggaggaggcaaggtaagggaaagagtacttgaagttggaactggtccttgcagggaaatgcacatttatgaaaccccgaaaactgatgtcaaagcacctcctgccttgggcagagtcctctcagagtctacaggtgctgcctccagaaccctcttcctggagcgcatccctatgtatctagaaattctgctgggaaatatgatggtcagacccttggccacctgaaaggttcagggtggtagaagaaaaaggaaagccacagggcagcaggggcaggtgccagcaaggaaggcaggcacgccaggaagacacccatggtgagaagtgcagatggcccgagggcaagtttgctcaactcacccaggtttgctcttgctggggccaagaggactcatgtgccagggccaagggcccttgggggctctcacagggggcttatctgggcttcggttctggagggccaggaacaaacaggcttcaaagccaagggcttggctggcacacagggggcttggtccttcacctctgtcccctctccctacggacacatataagaccctggtcacacctgggagaggaggagaggagagcatagcacctgcaggtcg
GAL1,Saccharomyces cerevisiae,Inducible,Extremely Strong Induction with Galactose (repressed by glucose),95,S. cerevisiae,CGGATTAGAAGCCGCCGAGCGGGTGACAGCCCTCCGAAGGAAGACTCTCCTCCGTGCGTCCTCGTCTTCACCGGTCGCGTTCCTGAAACGCAGATGTGCCTCGCGCCGCACTGCTCCGAACAATAAAGATTCTACAATACTAGCTTTTATGGTTATGAAGAGGAAAAATTGGCAGTAACCTGGCCCCACAAACCTTCAAATGAACGAATCAAATTAACAACCATAGGATGATAATGCGATTAGTTTTTTAGCCTTATTTCTGGGGTAATTAATCAGCGAAGCGATGATTTTTGATCTATTAACAGATATATAAATGCAAAAACTGCATAACCACTTTAACTAATACTTTCAACATTTTCGGTTTGTATTACTTCTTATTCAAATGTAATAAAAGTATCAACAAAAAATTGTTAATATACCTCTATACTTTAACGTCAAGGAG
TEF1a,Saccharomyces cerevisiae,Constitutive,,92,S. cerevisiae + other fungi,tatcacataggaagcaacaggcgcgttggacttttaattttcgaggaccgcgaatccttacatcacacccaatcccccacaagtgatcccccacacaccatagcttcaaaatgtttctactccttttttactcttccagattttctcggactccgcgcatcgccgtaccacttcaaaacacccaagcacagcatactaaatttcccctctttcttcctctagggtgtcgttaattacccgtactaaaggtttggaaaagaaaaaagagaccgcctcgtttctttttcttcgtcgaaaaaggcaataaaaatttttatcacgtttctttttcttgaaaatttttttttttgatttttttctctttcgatgacctcccattgatatttaagttaataaacggtcttcaatttctcaagtttcagtttcatttttcttgttctattacaactttttttacttcttgctcattagaaagaaagcatagcaatctaatctaagttttaattacaaa
ADH1,Saccharomyces cerevisiae,Constitutive,(Stronger During Ethanol Production),58,S. cerevisiae,atccttttgttgtttccgggtgtacaatatggacttcctcttttctggcaaccaaacccatacatcgggattcctataataccttcgttggtctccctaacatgtaggtggcggaggggagatatacaatagaacagataccagacaagacataatgggctaaacaagactacaccaattacactgcctcattgatggtggtacataacgaactaatactgtagccctagacttgatagccatcatcatatcgaagtttcactaccctttttccatttgccatctattgaagtaataataggcgcatgcaacttcttttctttttttttcttttctctctcccccgttgttgtctcaccatatccgcaatgacaaaaaaatgatggaagacactaaaggaaaaaattaacgacaaagacagcaccaacagatgtcgttgttccagagctgatgaggggtatctcgaagcacacgaaactttttccttccttcattcacgcacactactctctaatgagcaacggtatacggccttccttccagttacttgaatttgaaataaaaaaaagtttgctgtcttgctatcaagtataaatagacctgcaattattaatcttttgtttcctcgtcattgttctcgttccctttcttccttgtttctttttctgcacaatatttcaagctataccaagcatacaatcaact
MET25,Saccharomyces cerevisiae,Repressible,Repressed With Methionine,80,S. cerevisiae,caaaagctggagctccggatgcaagggttcgaatcccttagctctcattattttttgctttttctcttgaggtcacatgatcgcaaaatggcaaatggcacgtgaagctgtcgatattggggaactgtggtggttggcaaatgactaattaagttagtcaaggcgccatcctcatgaaaactgtgtaacataataaccgaagtgtcgaaaaggtggcaccttgtccaattgaacacgctcgatgaaaaaaataagatatatataaggttaagtaaagcgtctgttagaaaggaagtttttcctttttcttgctctcttgtcttttcatctactatttccttcgtgtaatacagggtcgtcagatacatagatacaattctattacccccatccatac
CUP1,Saccharomyces cerevisiae,Inducible,Copper sulfate,52,S. cerevisiae,aaaactagccttgttgctagttagaaaaagacatttttgctgtcagtcactgtcaagagattcttttgctggcatttcttctaaaagcaaaaagagcgatgcgtcttttccgctgaaccgttccagcaaaaaagactaccaacgcaatatggattgtcagaatcatataaaagagaagcaaataactccttgtcttgtatcaattgcattataatatcttcttgttagtgcaatatcatatagaagtcatcgaaatagatatt
AOX1,Pichia pastoris,Inducible,Methanol (repressed by glucose/glycerol),98,P. pastoris (industrial protein production),catccgacatccacaggtccattctcacacataagtgccaaacgcaacaggaggggatacactagcagcagaccgttgcaaacgcaggacctccactcctcttctcctcaacacccacttttgccatcgaaaaaccagcccagttattgggcttgattggagctcgctcattccaattccttctattaggctactaacaccatgactttattagcctgtctatcctggcccccctggcgaggttcatgtttgtttatttccgaatgcaacaagctccgcattacacccgaacatcactccagatgagggctttctgagtgtggggtcaaatagtttcatgttccccaaatggcccaaaactgacagtttaaacgctgtcttggaacctaatatgacaaaagcgtgatctcatccaagatgaactaagtttggttcgttgaaatgctaacggccagttggtcaaaaagaaacttccaaaagtcgccataccgtttgtcttgtttggtattgattgacgaatgctcaaaaataatctcattaatgcttagcgcagtctctctatcgcttctgaaccccggtgcacctgtgccgaaacgcaaatggggaaacacccgctttttggatgattatgcattgtctccacattgtatgcttccaagattctggtgggaatactgctgatagcctaacgttcatgatcaaaatttaactgttctaacccctacttgacagcaatatataaacagaaggaagctgccctgtcttaaacctttttttttatcatcattattagcttactttcataattgcgactggttccaattgacaagcttttgattttaacgacttttaacgacaacttgagaa
GAP,Pichia pastoris,Constitutive,,82,P. pastoris,tttttgtagaaatgtcttggtgtcctcgtccaatcaggtagccatctctgaaatatctggctccgttgcaactccgaacgacctgctggcaacgtaaaattctccggggtaaaacttaaatgtggagtaatggaaccagaaacgtctcttcccttctctctccttccaccgcccgttaccgtccctaggaaattttactctgctggagagcttcttctacggcccccttgcagcaatgctcttcccagcattacgttgcgggtaaaacggaggtcgtgtacccgacctagcagcccagggatggaaaagtcccggccgtcgctggcaataatagcgggcggacgcatgtcatgagattattggaaaccaccagaatcgaatataaaaggcgaacacctttcccaattttggtttctcctgacccaaagactttaaatttaatttatttgtccctatttcaatcaattgaacaactat
FLD1,Pichia pastoris,Inducible,Methanol or methylamine,55,P. pastoris,gcatgcaggaatctctggcacggtgctaatggtagttatccaacggagctgaggtagtcgatatatctggatatgccgcctataggataaaaacaggagagggtgaaccttgcttatggctactagattgttcttgtactctgaattctcattatgggaaactaaactaatctcatctgtgtgttgcagtactattgaatcgttgtagtatctacctggagggcattccatgaattagtgagataacagagttgggtaactagagagaataatagacgtatgcatgattactacacaacggatgtcgcactctttccttagttaaaactatcatccaatcacaagatgcgggctggaaagacttgctcccgaaggataatcttctgcttctatctcccttcctcatatggtttcgcagggctcatgccccttcttccttcgaactgcccgatgaggaagtccttagcctatcaaagaattcgggaccatcatcgatttttagagccttacctgatcgcaatcaggatttcactactcatataaatacatcgctcaaagctccaactttgcttgttcatacaattcttgatattcaca
pTEF1a (K. lactis version),Kluyveromyces lactis,Constitutive,,85,K. lactis (food-grade expression),gaattcccacacaccatagcttcaaaatgtttctactccttttttactcttccagattttctcggactccgcgcatcgccgtaccacttcaaaacacccaagcacagcatactaaatttcccctctttcttcctctagggtgtcgttaattacccgtactaaaggtttggaaaagaaaaaagagaccgcctcgtttctttttcttcgtcgaaaaaggcaataaaaatttttatcacgtttctttttcttgaaaatttttttttttgatttttttctctttcgatgacctcccattgatatttaagttaataaacggtcttcaatttctcaagtttcagtttcatttttcttgttctattacaactttttttacttcttgctcattagaaagaaagcatagcaatctaatctaag
LAC4,Kluyveromyces lactis,Inducible,Lactose or galactose,88,K. lactis (dairy industrial fermentation),GGGGATCGACTCATAAAATAGTAACCTTCTAATGCGTATCTATTGACTACCAACCATTAGTGTGGTTGCAGAAGGCGGAATTTTCCCTTCTTCGAATTTAGCTTGCTTTTTCATTTTTTATTTTCCATTTTTCAGTTTTTGTTTGTGTCGAATTTAGCCAGTTGCTTCTCCAAGATGAAAAAAACCCCTGCGCAGTTTCTGTGCTGCAAGATCCTAATCGACTTTTCCACCCCCCACAAAAGTAAATGTTCTTTTGTTACATTCGCGTGGGTAGCTAGCTCCCCGAATCTTCAAAGGACTTAGGGACTGCACTACATCAGAGTGTGTTCACCTGGTTTGCTGCCTGGTTTGAAAGAAAAGAGCAGGGAACTCGCGGGTTCCCGGCGAATAATCATGCGATAGTCCTTTGGCCTTCCAAGTCGCATGTAGAGTAGACAACAGACAGGGAGGGCAGGAAGGATCTTTCACTGAGATCCTGTATCTTGTTGGGTAAGTCGGATGAAAGGGGAATCGTATGAGATTGGAGAGGATGCGGAAGAGGTAACGCCTTTTGTTAACTTGTTTAATTATTATGGGGCAGGCGAGAGGGGGAGGAATGTATGTGTGTGAGGCGGGCGAGACGGAGCCATCCAGGCCAGGTAGAAATAGAGAAAGCCGAATGTTAGACAATATGGCAGCGTAGTAGAGTAGGTAGGTAGGCAAGTACTGCTAGCAAAGAGGAGAAGGGTAAGCTCACTCTTCGCATTCCACACCGTTAGTGTGTCAGTTTGAACAAAAAAACAATCATCATACCAATTGATGGACTGTGGACTGGCTTTTGGAACGGCTTTTCGGACTGCGATTATTCGTGAGGAATCAAGGTAGGAATTTGGTCATATTTACGGACAACAGTGGGTGATTCCCATATCGAGTAGGAAAACGAGATCATGGTATCCTCAGATATGTTGCGGAAATCTGTTCACCGCAAAGTTCAGGGTGCTCTGGTGGGTTTCGGTTGGTCTTTGCTTTGCTTCTCCCTTGTCTTGCATGTTAATAATAGCCTAGCCTGTGAGCCGAAACTTAGGGTAGGCTTAGTGTTGGAACGTACATATCTATCACGTTGACTTGGTTTAACCAGGCGACCTGGTAGCCAGCCATACCCACACACGTTTTTTGTATCTTCAGTATAGTTGTGAAAAGTGTAGCGGAAATTTGTGGTCCGAGCAACAGCGTCTTTTTCTAGTAGTGCGGTCGGTTACTTGGTTGACATTGGTATTTGGACTTTGTTGCTACACCATTCACTACTTGAAGTCGAGTGTGAAGGGTATGATTTCTAGTGGTGAACACCTTTAGTTACGTAATGTTTTCATTGCTGTTTTACTTGAGATTTCGATTGAGAAAAAGGTATTTAATAGCTCGAATCAATGTGAGAACAGAGAGAAGATGTTCTTCCCTAACTCGAAAGGTATATGAGGCTTGTGTTTCTTAGGAGAATTATTATTCTTTTGTTATGTTGCGCTTGTAGTTGGAAAAGGTGAAGAGACAAAAGC
T7,Escherichia coli,Inducible,(Presence of T7 RNA polymerase) ONLY WORKS IN BACTERIA WITH T7 RNA POLYMERASE. Most strains of T7 Ecoli are engineered to make T7 RNA Polymerase under exposure of IPTG.,98,E. coli BL21(DE3) / T7 RNAP strains,agggaatacaagctacttgttctttttgca
Ptac,Escherichia coli,Inducible,"(IPTG) isopropyl-beta-d-thiogalactopyranoside, but ensure the bacterial strain already expresses LAC operon for proper inducibility",88,Broad gram-negatives,gagctgttgacaattaatcatcggctcgtataatgtgtggaattgtgagcggataacaatt
araBAD,Escherichia coli,Inducible,Arabinose (repressed by glucose) (Host organism must contain arabidose operon and AraC for proper function),60,Broad gram-negatives,AAAGCCATGACAAAAACGCGTAACAAAAGTGTCTATAATCACGGCAGAAAAGTCCACATTGATTATTTGCACGGCGTCACACTTTGCTATGCCATAGCATTTTTATCCATAAGATTAGCGGATCCTACCTGACGCTTTTTATCGCAACTCTCTACTGTTTCTCCAT
Ptet,Escherichia coli,Inducible,Anhydrotetracycline (aTc) (Ensure host organism creates TetR repressor for proper function),88,Broad gram-negatives / gram-positives,ttaagacccactttcacatttaagttgtttttctaatccgcatatgatcaattcaaggccgaataagaaggctggctctgcaccttggtgatcaaataattcgatagcttgtcgtaataatggcggcatactatcagtagtaggtgtttccctttcttctttagcgacttgatgctcttgatcttccaatacgcaacctaaagtaaaatgccccacagcgctgagtgcatataatgcattctctagtgaaaaaccttgttggcataaaaaggctaattgattttcgagagtttcatactgtttttctgtaggccgtgtacctaaatgtacttttgctccatcgcgatgacttagtaaagcacatctaaaacttttagcgttattacgtaaaaaatcttgccagctttccccttctaaagggcaaaagtgagtatggtgcctatctaacatctcaatggctaaggcgtcgagcaaagcccgcttattttttacatgccaatacaatgtaggctgctctacacctagcttctgggcgagtttacgggttgttaaaccttcgattccgacctcattaagcagctctaatgcgctgttaatcactttacttttatctaatctggacatcattaattcctaatttttgttgacactctatcgttgatagagttattttaccactccctatcagtgatagagaaaagaa
Plux,Vibrio fischeri / Synthetic,Inducible,"N-acyl homoserine lactone (AHL) + (host must produce luxR repressor. In V. fischeri, this promoter will only activate if the bacterium senses its in a quorum)",55,E. coli / gram-negatives (quorum sensing circuits),acctgtaggatcgtacaggtttacgcaagaaa
PrhaB,Escherichia coli,Inducible,"L-Rhamnose (repressed by glucose), (host must already have rhaBAD operon for proper function)",58,E. coli,caccacaattcagcaaattgtgaacatcatcacgttcatctttccctggttgccaatggcccattttcctgtcagtaacgagaaggtcgcgaattcaggcgctttttagactggtcgta
cspA,Escherichia coli,Inducible,Cold shock temperature downshift to 15 degrees C,52,E. coli,CCGATTAATCATAAATATGAAAAATAATTGTTGCATCACCCGCCAATGCGTGGCTTAATGCACATCAAATTTGATGTGCTAGCGCATATCCAGTGTAGTAAGGCAAGTCCCTTCAAGAGTTATCGTTGATACCCCTCGTAGTGCACATTCCTTTAACGCTTCAAAATCTGTAAAGCACGCCATATCGCCGAAAGGCACACTTAATTATTAAGAGGTAATACACC
EM7,Synthetic,Constitutive,(very stable and always works regardless of E. coli strain),50,E. coli / broad gram-negatives,GTTGACAATTAATCATCGGCATAGTATATCGGCATAGTATAATACGAC
Pveg,Bacillus subtilis,Constitutive,,90,B. subtilis / broad gram-positives,"aaaaatgggctcgtgttgtacaataaatgt	"
P43,Bacillus subtilis,Constitutive,,88,B. subtilis (industrial expression),aaaaaaagcgcgcgattatgtaaaatataa
pSpac-hy,Bacillus subtilis,Inducible,IPTG (requires host bacteria to have lac operon),58,B. subtilis / gram-positives,ttgactttatctacaaggtgtggcataatgtgtgtaattgtgagcggataacaattaa
P170,Lactococcus lactis,Inducible,Carbon starvation / low pH,80,L. lactis,ggaagtaattgtagagctttgcatgtctataaaaaaatgggattccaaattaccgatatcaatatgcgaaaagaactatgaatatccactccatttttggttgccatttgttaacgctgcctcctctccctagtgctataataaaaatggccaaaaaaaaaccattttattgactatatttgcaatttatttacacattatcttttcagaaccaaaatctggcccattttggaacagacttctactattttgttgtctagtaggagcttttttgttttgggcaacttgttttcttcgtaatttctgtcagtggctgatgattaaatgttttacttttcattgctctaatcagcttctcataggcaaatcaaataaagtctgatataacactcaatagcaaacatcggaggtagataga
35S CaMV,Cauliflower mosaic virus,Constitutive,,88,Broad dicot plants,TGAGACTTTTCAACAAAGGGTAATATCGGGAAACCTCCTCGGATTCCATTGCCCAGCTATCTGTCACTTCATCAAAAGGACAGTAGAAAAGGAAGGTGGCACCTACAAATGCCATCATTGCGATAAAGGAAAGGCTATCGTTCAAGATGCCTCTGCCGACAGTGGTCCCAAAGATGGACCCCCACCCACGAGGAGCATCGTGGAAAAAGAAGACGTTCCAACCACGTCTTCAAAGCAAGTGGATTGATGTGATAACATGGTGGAGCACGACACTCTCGTCTACTCCAAGAATATCAAAGATACAGTCTCAGAAGACCAAAGGGCTATTGAGACTTTTCAACAAAGGGTAATATCGGGAAACCTCCTCGGATTCCATTGCCCAGCTATCTGTCACTTCATCAAAAGGACAGTAGAAAAGGAAGGTGGCACCTACAAATGCCATCATTGCGATAAAGGAAAGGCTATCGTTCAAGATGCCTCTGCCGACAGTGGTCCCAAAGATGGACCCCCACCCACGAGGAGCATCGTGGAAAAAGAAGACGTTCCAACCACGTCTTCAAAGCAAGTGGATTGATGTGATATCTCCACTGACGTAAGGGATGACGCACAATCCCACTATCCTTCGCAAGACCTTCCTCTATATAAGGAAGTTCATTTCATTTGGAGAGGACACGCTGA
Nos,Agrobacterium tumefaciens,Constitutive,,18,Broad plants (selection cassettes only),gaaccgcaacgttgaaggagccactgagccgcgggtttctggagtttaatgagctaagcacatacgtcagaaaccattattgcgcgttcaaaagtcgcctaaggtcactatcagctagcaaatatttcttgtcaaaaatgctccactgacgttccataaattcccctcggtatccaatta
Ubi1 (maize),Zea mays,Constitutive,,90,Monocots (maize / rice / wheat / barley),ctgcagtgcagcgtgacccggtcgtgcccctctctagagataatgagcattgcatgtctaagttataaaaaattaccacatattttttttgtcacacttgtttgaagtgcagtttatctatctttatacatatatttaaactttactctacgaataatataatctatagtactacaataatatcagtgttttagagaatcatataaatgaacagttagacatggtctaaaggacaattgagtattttgacaacaggactctacagttttatctttttagtgtgcatgtgttctcctttttttttgcaaatagcttcacctatataatacttcatccattttattagtacatccatttagggtttagggttaatggtttttatagactaatttttttagtacatctattttattctattttagcctctaaattaagaaaactaaaactctattttagtttttttatttaataatttagatataaaatagaataaaataaagtgactaaaaattaaacaaataccctttaagaaattaaaaaaactaaggaaacatttttcttgtttcgagtagataatgccagcctgttaaacgccgtcgacgagtctaacggacaccaaccagcgaaccagcagcgtcgcgtcgggccaagcgaagcagacggcacggcatctctgtcgctgcctctggacccctctcgagagttccgctccaccgttggacttgctccgctgtcggcatccagaaattgcgtggcggagcggcagacgtgagccggcacggcaggcggcctcctcctcctctcacggcacggcagctacgggggattcctttcccaccgctccttcgctttcccttcctcgcccgccgtaataaatagacaccccctccacaccctctttccccaacctcgtgttgttcggagcgcacacacacacaaccagatctcccccaaatccacccgtcggcacctccgcttcaaggtacgccgctcgtcctccccccccccccctctctaccttctctagatcggcgttccggtccatggttagggcccggtagttctacttctgttcatgtttgtgttagatccgtgtttgtgttagatccgtgctgctagcgttcgtacacggatgcgacctgtacgtcagacacgttctgattgctaacttgccagtgtttctctttggggaatcctgggatggctctagccgttccgcagacgggatcgatttcatgattttttttgtttcgttgcatagggtttggtttgcccttttcctttatttcaatatatgccgtgcacttgtttgtcgggtcatcttttcatgcttttttttgtcttggttgtgatgatgtggtctggttgggcggtcgttctagatcggagtagaattctgtttcaaactacctggtggatttattaattttggatctgtatgtgtgtgccatacatattcatagttacgaattgaagatgatggatggaaatatcgatctaggataggtatacatgttgatgcgggttttactgatgcatatacagagatgctttttgttcgcttggttgtgatgatgtggtgtggttgggcggtcgttcattcgttctagatcggagtagaatactgtttcaaactacctggtgtatttattaattttggaactgtatgtgtgtgtcatacatcttcatagttacgagtttaagatggatggaaatatcgatctaggataggtatacatgttgatgtgggttttactgatgcatatacatgatggcatatgcagcatctattcatatgctctaaccttgagtacctatctattataataaacaagtatgttttataattattttgatcttgatatacttggatgatggcatatgcagcagctatatgtggatttttttagccctgccttcatacgctatttatttgcttggtactgtttcttttgtcgatgctcaccctgttgtttggtgttacttctgcag
Act1 (rice),Oryza sativa,Constitutive,,88,Monocots (rice / cereals),tcgaggtcattcatatgcttgagaagagagtcgggatagtccaaaataaaacaaaggtaagattacctggtcaaaagtgaaaacatcagttaaaaggtggtataaagtaaaatatcggtaataaaaggtggcccaaagtgaaatttactcttttctactattataaaaattgaggatgtttttgtcggtactttgatacgtcatttttgtatgaattggtttttaagtttattcgcttttggaaatgcatatctgtatttgagtcgggttttaagttcgtttgcttttgtaaatacagagggatttgtataagaaatatctttaaaaaaacccatatgctaatttgacataatttttgagaaaaatatatattcaggcgaattctcacaatgaacaataataagattaaaatagctttcccccgttgcagcgcatgggtattttttctagtaaaaataaaagataaacttagactcaaaacatttacaaaaacaacccctaaagttcctaaagcccaaagtgctatccacgatccatagcaagcccagcccaacccaacccaacccaacccaccccagtccagccaactggacaatagtctccacacccccccactatcaccgtgagttgtccgcacgcaccgcacgtctcgcagccaaaaaaaaaaaaagaaagaaaaaaaagaaaaagaaaaaacagcaggtgggtccgggtcgtgggggccggaaacgcgaggaggatcgcgagccagcgacgaggccggccctccctccgcttccaaagaaacgccccccatcgccactatatacatacccccccctctcctcccatccccccaaccct
IbRbcS1,Broad plants,Tissue-specific,Light (green / photosynthetic tissue),85,Broad plants (dicots preferred),GATCCTTATTCGTGAGATGAGTCGGGTCGGGTCAACGCACCATGCAAATGTCATACTTATATACTCAAATATAACACTAATCAAAAAAACAATTTTTGTTACATATAAGAGAAAAAGTAATACATTTTTCATAATAAGTAATGTTGACAAGTGCCCCTTACTTATAAGGGCAAATATAATACTTTTGAGGAAAAATGTAATACTTTTAAATCGAAATGTAAAAGTATTGTATTTTCCCTTAAAAGTATTACATTTACCCTTATAAGTAACAAAAATTTTATTCTTGATTAGTATTGCATTTGAGCATATAAGTATGACATTTGTGCATATAAGTGTTACATTTACATATTGACCCGAACCGACCCGATCCGTCTCACGGTGAGACGGTCTCACACCAATTTTTGCCAATTGTATATTATTTCCTTAATAACATTGCAACTTAACGTGCGCAATAATGAATTGAGCAAAAGAAGCCCGTACATGCATCTGCTCCAAAGTCCCAAATACTGGTACCCGTAAAGATCGAGCTTAGGATTTGTTAATCGGGCTTTTATGGATTTGTGGGTTTGATAAGATATTTTGATACCGGGCTGGGTTGAATGAAAAAGCCCAATATAGTCTAGCAGCTGCTGAGAAATGGGAATGGGACTACTGACAGAAAGGATGGCGAAGGGCAAAAATAAGCAACCATGATCACACAGTCATATCCTCTTGAGGATGAGATAAGATTAACGAGGGCCTCCCACGTGGCACCCCTTTTGTGGTGGCTTATATCAATACATTGCCCTGATGTGGATATTAAGGTTGTAATGTCATGCACCACATAAATCCAATGGCCCTGCTTCCTCAAAGATTAGGTTGATTAAACGTCGCCCGTTAGATTGGACTCATGTGACACCTTATCGTTATATATACCAAGCAATAGCACACTATCACCACCATTACAAAGTAAAGTAGTAAGTAATACAGAGAAGAGCGGCAGCTGCTAGCA
pNapin,Brassica napus / Arabidopsis,Tissue-specific,Seed development,85,Brassica / Arabidopsis,cgaattcgattcggagctctcttcatcggtgattgattcctttaaagacttatgtttcttatcttgcttctgaggcaagtattcagttaccagttaccacttatattctggactttctgactgcatcctcatttttccaacattttaaatttcactattggctgaatgcttcttctttgaggaagaaacaattcagatggcagaaatgtatcaaccaatgcatatatacaaatgtacctcttgttctcaaaacatctatcggatggttccatttgctttgtcatccaattagtgactactttatattattcactcctctttattactattttcatgcgaggttgccatgtacattatatttgtaaggattgacgctattgagcgtttttcttcaattttctttattttagacatgggtatgaaatgtgtgttagagttgggttgaatgagatatacgttcaagtgaagtggcataccgttgtcgagtaaggatgacctacccattcttgagacaaatgttacattttagtatcagagtaaaatgtgtacctataactcaaattcgattgacatgtatccattcaacataaaattaaaccagcctgcacctgcatccacatttcaagtattttcaaaccgttcggctcctatccaccgggtgtaacaagacggattccgaatttggaagattttgactcaaattcccaatttatattgaccgtgactaaatcaactttaacttctataattctgattaagctcccaatttatattcccaacggcactacctccaaaatttatagactctcatccccttttaaaccaacttagtaaacgctcttttttttaattttatgaagttaagtttttaccttgtttttaaaaagaatcgttcataagatgccatgccagaacattagctacacgttacacatagcatgcagccgcggagaattgtttttcttcgccacttgtcactcccttcaaacacctaagagcttctctctcacagcacacacatacaatcacatgcgtgcatgcattattacacgtgatcgccatgcaaatctcctttatagtctataaattaactcatccgcttcactctttactcaaaccaaaactcatcaatacaaacaagattaaaaacatacccc
cbh1,Trichoderma reesei,Inducible,Cellulose / sophorose (repressed by glucose),96,Most Fungi (industrial cellulase production),aagcttctagcgagcggctaaattagcatgaaaggctatgagaaattctggagacggcttgttgaatcatggcgttccattcttcgacaagcaaagcgttccgtcgcagtagcaggcactcattcccgaaaaaactcggagattcctaagtagcgatggaaccggaataatataataggcaatacattgagttgcctcgacggttgcaatgcaggggtactgagcttggacataactgttccgtaccccacctcttctcaacctttggcgtttccctgattcagcgtacccgtacaagtcgtaatcactattaacccagactgaccggacgtgttttgcccttcatttggagaaataatgtcattgcgatgtgtaatttgcctgcttgaccgactggggctgttcgaagcccgaatgtaggattgttatccgaactctgctcgtagaggcatgttgtgaatctgtgtcgggcaggacacgcctcgaaggttcacggcaagggaaaccaccgatagcagtgtctagtagcaacctgtaaagccgcaatgcagcatcactggaaaatacaaaccaatggctaaaagaagtcatataccagcggctaataattgtacaatcaagtggctaaacgtaccgtaatttgccaacggcttgtggggttgcagaagcaacggcaaagccccacttccccacgtttgtttcttcactcagtccaatctcagctggtgatcccccaattgggtcgcttgtttgttccggtgaagtgaaagaagacagaggtaagaatgtctgactcggagcgttttgcatacaaccaagggcagtgatggaagacagtgaaatgttgacattcaaggagtatttagccagggatgcttgagtgtatcgtgtaaggaggtttgtctgccgatacgacgaatactgtatagtcacttctgatgaagtggtccatattgaaatgtaagtcggcactgaacaggcaaaagattgagttgaaactgcctaagatctcgggccctcgggccttcggcctttgggtgtacatgtttgtgctccgggcaaatgcaaagtgtggtaggatcgaacacactgctgcctttaccaagcagctgagggtatgtgataggcaaatgttcaggggccactgcatggtttcgaatagaaagagaagcttagccaagaacaatagccgataaagatagcctcattaaacggaatgagctagtaggcaaagtcagcgaatgtgtatatataaaggttcgaggtccgtgcctccctcatgctctccccatctactcatcaactcagatcctccaggagacttgtacaccatcttttgaggcacagaaacccaatagtc
PcpcB,Synechocystis sp. PCC 6803,Constitutive,somewhat Light (photosynthetically active),88,Cyanobacteria,gtcgaccatcaacttaaagcatctttacaaagctagagattgaccctagtcgtggacgacttacagattcaggattgatacggccaatcccgatcgcgatcgctctaaatccccgtcagtcagagcttcacaatttttagcgaatcttgtggccgcgatcgttgtataagaatgccaaggcaactggataaggttcactaatcgttgctaagcgacagtgaactgcgccaattgcctgacaggcccctctcgtttaacaaacgatttaatgtaaatcattgttaagagtctctcacaatcgagagttttcttgaagaatgatggggacggttcaggtgcagggtttccctgctagagaatgcgaaaaaaccgcgttctcgttttaggaatcgagagtcaataaaagtcgagaacaggagactggttga
"hSyn1 (Strong version, with Intron)",Human / mouse / rat,Tissue-specific,Neurons (pan-neuronal) EXCLUSIVE,75,Mammalian CNS (AAV),agtgcaagtgggttttaggaccaggatgaggcggggtgggggtgcctacctgacgaccgaccccgacccactggacaagcacccaacccccattccccaaattgcgcatcccctatcagagagggggaggggaaacaggatgcggcgaggcgcgtgcgcactgccagcttcagcaccgcggacagtgccttcgcccccgcctggcggcgcgcgccaccgccgcctcagcactgaaggcgcgctgacgtcactcgccggtcccccgcaaactccccttcccggccaccttggtcgcgtccgcgccgccgccggcccagccggaccgcaccacgcgaggcgcgagataggggggcacgggcgcgaccatctgcgctgcggcgccggcgactcagcgctgcctcagtctgcggtgggcagcggaggagtcgtgtcgtgcctgagagcgcagtcgaggcgcgccgagctcggatcctgagaacttcagggtgagtctatgggacccttgatgttttctttccccttcttttctatggttaagttcatgtcataggaaggggagaagtaacagggtacacatattgaccaaatcagggtaattttgcatttgtaattttaaaaaatgctttcttcttttaatatacttttttgtttatcttatttctaatactttccctaatctctttctttcagggcaataatgatacaatgtatcatgcctctttgcaccattctaaagaataacagtgataatttctgggttaaggcaatagcaatatttctgcatataaatatttctgcatataaattgtaactgatgtaagaggtttcatattgctaatagcagctacaatccagctaccattctgcttttattttatggttgggataaggctggattattctgagtccaagctaggcccttttgctaatcatgttcatacctcttatcttcctcccacagctcctgggcaacgtgctggtctgtgtgctggcccatcactttggcaaagcacgtgaattcgaagatctggccgcctcggcc
cTNT with Intron,Human / mouse,Tissue-specific,Cardiac muscle,68,Mammalian heart (AAV),gggataaaagcagtctgggctttcacatgacagcatctggggctgcggcagagggtcgggtccgaagcgctgccttatcagcgtccccagccctgggaggtgacagctggctggcttgtgtcagcccctcgggcactcacgtatctccgtccgacgggtttaaaatagcaaaactctgaggccacacaatagcttgggcttatatgggctcctgtgggggaagggggagcacggagggggccggggccgctgctgccaaaatagcagctcacaagtgttgcattcctctctgggcgccgggcacattcctgctggctctgcccgccccggggtgggcgccggggggaccttaaagcctctgccccccaaggagcccttcccagacagccgccggcacccaccgctccgtgggacgatccccgaagctctagagctttattgcggtagtttatcacagttaaattgctaacgcagtcagtgcttctgacacaacagtctcgaacttaagctgcagaagttggtcgtgaggcactgggcaggtaagtatcaaggttacaagacaggtttaaggagaccaatagaaactgggcttgtcgagacagagaagactcttgcgtttctgataggcacctattggtcttactgacatccactttgcctttctctccacaggtgtggtaccgaggagatctgccgccgcgatcgccggcggatccgcattgcggccgcagacatatgtctcacgcttaactagctagcggaccgacgcgtggaagcggagctactaacttcagcctgctgaagcaggctggagacgtggaggagaaccctggacc
paraBAD (AND),Escherichia coli,Inducible + AND gate,AraC protein PLUS CRP-cAMP complex BOTH required for expression,60,Broad gram-negatives,caatcggcgttaaacccgccaccagatgggcgttaaacgagtatcccggcagcaggggatcattttgcgcttcagccatacttttcatactcccaccattcagagaagaaaccaattgtccatattgcatcagacattgccgtcactgcgtcttttactggctcttctcgctaacccaaccggtaaccccgcttattaaaagcattctgtaacaaagcgggaccaaagccatgacaaaaacgcgtaacaaaagtgtctataatcacggcagaaaagtccacattgattatttgcacggcgtcacactttgctatgccatagcatttttatccataagattagcggatcctacctgacgctttttatcgcaactctctactgtttctccatacccgtttttttggatggagtgaaacg
